98065q_7fdaa4673e0688ecba1b51472a3c7087.jpg;2
2371175q_30f1b87304892aa5671a51b2cfbce129.jpg;0
3024075q_b1e46ae493e13a4aba02f82d33851561.jpg;1
2104252q_7e29790489e8ae108d3d0b7bc9624813.jpg;0
162059q_7a28c94f4d00dfa3019d2912b0695f81.jpg;0
124393q_f909bd27390a5b07e0913afafd32a51a.jpg;4
3097957q_1ded5e96208dc6305de3a3f546f92860.jpg;0
2374479q_8458dbada6fa43399f25434a197be87f.jpg;3
962741q_88d495e6f51ec4963e78424000e6e4d4.jpg;2
503858q_36080cf12ad8d476a75883c29762c80e.jpg;1
1030405q_2eb06f74cbfcc771d696fe9c9b857055.jpg;0
1387752q_25e544dbc9cb61f8fa7b3a7ffe3c4fe0.jpg;2
1864190q_c0ff704c6b18b67ac8ce2549b040d21a.jpg;0
1869690q_0a6c846334d51137e513350e6e0e54cc.jpg;0
91150q_7294fde484f187084e0b40a4b43d1995.jpg;3
3225002q_ff21e6d5736bb6036e5b61dfe73b408d.jpg;4
716740q_06159a38c00c33c1608d09c9002973d6.jpg;0
963008q_5986649542edae0bd55c11dde0a24bf1.jpg;0
751061q_458ca727b3530b936bf209d152547430.jpg;4
2389285q_b1630b8463619a695258d6ceed74fe66.jpg;0
1636672q_b67df28a131a67b7df95519fe53f2407.jpg;0
558598q_d267b7a5fb7562cb19a704e66b6cff62.jpg;4
2452747q_308afd56200ed3bbbc4b04a713bbd6fb.jpg;4
1328412q_09372af6ab1f6e847d6a4020459d180d.jpg;4
449684q_a18edc61f93521e92727a28de9ee5865.jpg;4
100456q_2defaaa364847cfecd2d76f2bdcf8dfc.jpg;2
2241634q_968b9311ba7cf15ac86bc4c261f6d235.jpg;5
685588q_b2e9cc0a609264492b26b5fdef346f5b.jpg;0
1703329q_de7bcf206735a6798332162eff8fdab2.jpg;0
1563615q_a661ca3ee421fc681c6c189678c978f6.jpg;0
1130285q_21b527bb45c6e28fac109a1e30066283.jpg;1
1888906q_99abeab41f79b2d2f2f1525b338663d5.jpg;4
2062056q_9ee5e17930885783ae9d71962182835c.jpg;4
1159787q_17769b89dc48ac045385a54732272d82.jpg;2
2186827q_234d7c08d5bdeb5c47521c893d4911e3.jpg;1
2170880q_c38d2d0a49efd3e589b998b435817c0e.jpg;5
24440q_e9557e985516c565e17e095e06269c68.jpg;2
2499830q_7474a82dbe78e10044253cf9afaa1922.jpg;2
484427q_7011465d7265a3cfaf59866adc6df861.jpg;0
1037738q_b45df335fe76e6eb3546b51ac923c632.jpg;4
2818474q_dec6058d37e8de115ff95e72dfb42fe3.jpg;0
546585q_b54284d1b097aa0a77f0abd317a8cd7e.jpg;2
1589920q_e60abd735b274b82211cf32cdba4f95a.jpg;4
1084155q_81bd4e7fcb12e70f7a2e8ba5f5607bde.jpg;1
1352986q_d70fd6aebba92e252ca5c1ca4606b88d.jpg;1
321644q_35b060ea5cff67776695e7e60c2d37c4.jpg;4
101717q_835b8058d307bad996d97b359f7d37c3.jpg;3
721240q_e8135981848fccb0703c3495e2952c50.jpg;4
2096106q_bfd6bc30831dcd41fde789af44149fde.jpg;2
223614q_6644332cdbe4631f5e8a96c2954259f9.jpg;0
2112066q_7a8d628a36894e4f36386c2643f7d5ec.jpg;0
1710404q_ad5793e46b99fc56b941d64d6d0ed8df.jpg;0
2643313q_44647928216047bdd8aa17f3e672b0ec.jpg;0
188657q_e31872cfaf3a43c10dd27d023876702b.jpg;0
1190983q_6ea4eaf5abd6fee47f7154cf8220ae1e.jpg;4
1187769q_da048733c1fcd672527acecf28bba1e6.jpg;4
13281q_46f2e4f350bf2c3370e82dd7e471a64c.jpg;0
55529q_27c07f9510494a176e36277644abef0c.jpg;0
1595167q_2306c0cdddc21b51e95a6fac23475241.jpg;4
552532q_40c0ca3d1bac7209cabc16cbbdf9adbd.jpg;4
1964274q_beb3ec5eee02af26fff954f6de60cfb1.jpg;0
647711q_d000cfb874fc3637a8cd89ae437c12eb.jpg;0
1225736q_268b6d83ea0232e71e31ba34aa6625ee.jpg;0
301818q_09e72ac384e3353908ea33c303399bac.jpg;1
2827883q_79edef18a75dbb7c0b472512c94e6aab.jpg;0
1804288q_ccb285b30ea9cda32b80f27de7a27ebb.jpg;2
302261q_797d3aaf328224ec7b9d39d3de2fb979.jpg;4
1718134q_659463eedc3bf803a769d9fc86e1bac5.jpg;4
532134q_66a597cfcb971db2f50938005245079b.jpg;4
1249911q_c65496c83df81c31840be0761bcf22fc.jpg;1
649132q_9e394bf24467b71cd55faa24713618e4.jpg;4
1822144q_16010f6b52a5e43f8b0604db53ccb084.jpg;4
787255q_75828d7dfef63a6c35559b34a59e8d02.jpg;0
3135731q_d50db211452c4e94c81450170de544e2.jpg;4
1925429q_54f264097c2277819571b7ed448a2c27.jpg;4
2802984q_e60707ef5f70d7c6ba0425e53d63715a.jpg;2
407462q_9cb7c02f99ef8eecce6b861cc68b79c3.jpg;0
1150274q_5496b46d77ca44a150fbdce1c16df3b3.jpg;0
410349q_4e834e9bd946b6e7e48d61d85cce6224.jpg;1
1907958q_dc3e00721119ed839c1e858faa9efe5c.jpg;4
136051q_24b68cdf6df501084fc8de09bb5e8fd8.jpg;1
2449067q_a9e5792717bf7bd2f46c4c4f5a1d8c84.jpg;1
882672q_c901d57695da0a5cc837589192486899.jpg;4
30792q_b448579c8d5ef821c5472c812994a672.jpg;0
2856184q_fbc0a23f89f652f3f2d08b3eaf6cca9b.jpg;4
2627582q_e6952dda0f45303bd8f34017060663f4.jpg;0
1074349q_73f98281664ea02be03110357f6a7bd8.jpg;4
936910q_bf9b4cf30d4adb48439e974498558e47.jpg;1
992012q_1ceff0d54defb64a7bbe9fa93f07b5c6.jpg;4
1150728q_aa0dd84dbae0292c09eb3ce6e509b2f2.jpg;4
2929726q_a0dc76bcb515baff7bc189b1ebdcf6dc.jpg;0
272319q_13220cbdda4dbba0f1cd95c98c3bf133.jpg;0
1879465q_abe7f765f83de187f94fbb30f2db8f3e.jpg;0
986q_c1673f1d2f4355a27fb21b55e2ddab1b.jpg;1
1702359q_89bfeed17fddeb3382af9eb54b1a58b6.jpg;4
2466570q_5a800e07ff4ef95be8c73f66b54aad65.jpg;5
2833906q_4bcae2ebbd968c662a1cf6f2e9158ee7.jpg;0
1270267q_df1e1cd052b142ade95ba2c3f8a6daa1.jpg;4
1323327q_095c4b116dcc769c0c3728e409b618cf.jpg;2
1502591q_3aec8502bb17e2de5cbb51712089b073.jpg;4
1125401q_57071e451979a2e0d3498f471b1418d1.jpg;0
578575q_e931b344c7079fa9a315f28b950bbae5.jpg;0
326322q_34dd3bd88a5cad16b90542bdc2dabe69.jpg;4
2966371q_8a5629f42f86bbf866cd095946343e68.jpg;4
1379098q_a2ffadb8b3aa4cc52d19e07931b3057d.jpg;1
2468467q_b293ac823e0436f8694160da1e5e20ea.jpg;0
288771q_4e82eb016ee9b4feb6a193db0615ce18.jpg;4
1582048q_cb251bcbe169e3d3e1e9e359a1d38182.jpg;4
1960665q_077a3be687471b31ecda76aa1506505f.jpg;1
1316642q_4f521ee7428ec0bcce4b8cc172b8bebc.jpg;0
1710355q_967632e7dd2cfbeff15d5257cbd50884.jpg;1
3151448q_64d1e5d169c4f350e9f1d54928db8a0a.jpg;4
617807q_1ba77c875ddf8dcf8655b02be2e756bc.jpg;0
2107846q_6564ff4ec87cd01c456a8fc333c71c64.jpg;0
1012164q_3441bba394b2eac2f6bd6edc7c90777f.jpg;0
3045051q_b36044c34037bb0629c8d1ffdebbd6fc.jpg;1
1643138q_d4f44d96320ae90000baa6502a2feb4a.jpg;0
355642q_c6abf00c9bc95cab5ccceceb9a93144d.jpg;4
707317q_b7ca517de70b56d357b9bd9173ebe61f.jpg;0
1597992q_b3fe62adca81a1512fc3a3dd285d3f5e.jpg;0
966842q_ea5944456207b611ddf6971d208bd919.jpg;0
2699519q_8106198a9f8846aad210a4d8e5ed36ab.jpg;1
2159173q_fd6d30053a9b9c55adda1a0e8e8aee1c.jpg;2
333930q_90fc701d79546965ef1a18fbd8bb723d.jpg;0
3049637q_8792f30501d9dc141627e3c7bd14eeaf.jpg;4
2786086q_c8a6cbff8f90019586c4d5e7fe371dfc.jpg;0
759357q_d82c224159721adaa787154dac25c742.jpg;0
470692q_d64b2b55fb7f0b75cfcb066d5b49888d.jpg;2
1363474q_94f04945562b922a083cba799795d4af.jpg;0
1312184q_43e4665320f6e1ee9c63b3f845db8e7a.jpg;2
2271378q_e0f4d6882660d5cb31de33f7e4ded3ec.jpg;4
309655q_67f71700690361c2524fd62e53630de2.jpg;4
655059q_cc57d54ad29992848e2548f558ed0db3.jpg;2
24538q_9692b136aaa332eaaea0c877a93920e6.jpg;1
1407276q_0e3339fe7a7509209d0b0417057d9b4f.jpg;0
971122q_2c5e5736cc534f8d58936ed13db084ce.jpg;4
1978966q_8aae753fadc097898d10385fd65155a0.jpg;0
3123932q_c8264c7e0c1da333fcb3b54162926bae.jpg;4
583068q_b6d77f2196dd7ede057af44d3f88dedf.jpg;1
3115587q_eeecbbedb03bee15bafd0e2f37f46667.jpg;2
2213616q_47236b5ef46084cded018effe694d271.jpg;4
1109690q_37a3410c1e09518d8227268fbb0e7c27.jpg;1
1803121q_ba1deab578a756b5a48afc0057290939.jpg;0
2149030q_7d7f5f2142bd8f603f1a300fe4171d74.jpg;1
2417232q_c8364172cb7a5393ffe952a7d8387bf2.jpg;1
1708770q_75bdb1ea98ff1f91a75b43be641a6ea0.jpg;2
883624q_7010ef1789a96a12f5e1bae9faf954a5.jpg;4
547666q_ff8fbaef12db3408dff19029f885b476.jpg;2
1363603q_512463d49e9e534b407c9ed59bc15252.jpg;4
1793980q_fc99ff0bbeee95990cf7e7528087eab5.jpg;0
356948q_4ccf8acfc5c53603b33ae613ec05d4dd.jpg;0
2302171q_348ebf91e2eeac64d26fe924b286e589.jpg;2
2504818q_e21e6ddb7b42eefc6d829666fec9c333.jpg;1
261551q_88346323fb9bc592f674e8f35fe6ebed.jpg;0
2801695q_cf3ddb9a7b9b8bf2858b81e132f442c1.jpg;0
1571893q_89721f469a0e4a21f5b8cf42548871e5.jpg;2
2281304q_efac3115aad93bc3be5ed61a322711d4.jpg;0
1684423q_69ec5f39c0738256009de43e237e852e.jpg;4
2447641q_a1b005966e31f72d8c7ffdd46ebf9e49.jpg;0
737335q_3a83715c28d44787f85da13ebb75efbd.jpg;0
1368090q_1926c0c296a9e5ac7b219b7226dd3c4d.jpg;2
2989983q_ea10cf79623400ab86e597d917b176db.jpg;4
1109810q_312162831e9bb2536ee737b96b30667b.jpg;4
3054929q_c4e83dbbafc6f856fd56cbea5831eb55.jpg;4
1011633q_a4feaec07dbaf850350c1b585a695706.jpg;4
983643q_a40c50ea00db31254a7a588eeb92957c.jpg;4
734504q_17e2b728428af42cb07202a3ce0d01e5.jpg;1
638414q_580ca2761a9a5ebf0f2d17a84a6e2ecf.jpg;0
2281766q_cb254e0fa7c0d3f8296c47bea261b641.jpg;4
1049477q_c2aa3e70c40dcf4803a022fc6c16cae9.jpg;0
1922424q_a22f504479975275d032229da86137fb.jpg;2
2319125q_ac2d191b5a21bdad4674b25a0b6a1b08.jpg;0
3040275q_eafe566eea0fa834760448c838f512ac.jpg;1
678615q_df8b595635990d4e10ec20b37ce56dcc.jpg;0
1484648q_a5baaa3ec58865adb2ff73104440f401.jpg;4
1205917q_b22ac1661f0bd4a7257d0ed809253e01.jpg;0
3147782q_8092f2ba401e20490ff39254ce6fb142.jpg;2
2267609q_f47bf691135e11fb0133c3026bccd592.jpg;0
369961q_4495d3b2f47fa990e46986d0bc2dfbca.jpg;4
2756154q_5004a05c6ea804be8cbb992997773d60.jpg;4
375544q_0a144c64e68b314a1b8d648683c74166.jpg;0
1927605q_8905fae01d1f6e8572af8cfdc9cc653b.jpg;0
858579q_78a798beffb25610b549a9fa472ffca1.jpg;2
3094794q_b9187f1c094bbbe5ec383bb0337780f9.jpg;2
2702197q_e3403409c2b0618af98b3112ad55f660.jpg;0
1381898q_4318fb5dc525febf16ef16bb4b716fbe.jpg;2
502252q_2f90deb96e69ff325853d50de42fa2f5.jpg;4
1983295q_6960aed14f8449cf34eab869cad19fef.jpg;4
506618q_ef2b3da7e54967ae758524e98d542b0b.jpg;2
2714187q_7dbdb32b6f3303b652461969ddd8511e.jpg;4
2161750q_be94d27a688b24b519e7a84653643dd6.jpg;4
1402560q_6c8812b6f2867a7045b96af194895d04.jpg;1
2456326q_ead2a03ec8c75bc488af58bfd41673f0.jpg;2
2028905q_b87557cc99ba2b93ac50b2184a335f51.jpg;0
3028024q_d371593282f7b55f2b7a1057c0d3fee7.jpg;2
1347686q_09b123c0069f2d13c1e55c420837d294.jpg;1
3180808q_ec8a5174433f7e118aa2335dbcfad37c.jpg;2
2010505q_8dc334f9b15417c17c3abc0fadf09a5e.jpg;2
365403q_4f60952de91d8a17f09f431ecb1c94e5.jpg;4
648833q_cbb08b6ec19bf67d773afd9fa375d029.jpg;4
655000q_0cba373e9d1523d2f321e5aa1b79e8c1.jpg;2
2989853q_1e234538ea330674f941b5aa204216c8.jpg;0
2558452q_5a19e2015922f053041b58142b187caa.jpg;2
2958760q_32da53f303f1818f8220ad3f43c81dc1.jpg;4
1750435q_d6d16970228b1d0b589c43aee4093c02.jpg;4
2130443q_da30ce98b163869d230da867207dbf25.jpg;1
342475q_da96140b4bf9aec22f991679d8e2de13.jpg;4
1668617q_a5bfa84ec0997d1f3f38f041c177c3d9.jpg;1
1397298q_c1c7f1bd138aef6739abbeae8cedea13.jpg;0
1619432q_4fa3811e1e742c283a984987e0282a8a.jpg;0
22618q_1ca04b46406ee7904af27160acf81b04.jpg;4
2568007q_166343ff98db5fbe1ba667bd7abe38f7.jpg;2
1579271q_6e5cc47c1c60ec2e10c328850416f10f.jpg;2
588563q_3579a7282b35803c6df3c79c91629f09.jpg;1
2475854q_33994ae4850f476cd90a218c32606a15.jpg;4
1553843q_d0d864ed807161f20afda87984087f04.jpg;3
1153218q_3ce506ac2353a56e897056cadf3476dd.jpg;1
2231269q_2f3c147093340c6ecd468d4188a1978a.jpg;2
955857q_bf2611feb77cb75d340a625f0bca925e.jpg;1
405491q_fae27a7c5d73d9143cba0f4b2eb6a44b.jpg;2
699409q_7a2cc17fb322bcb1ccaaa1f0d91a1833.jpg;2
565278q_35ad85e2e04ae86471508dd919500d26.jpg;0
1034950q_f4838670d67032d26815c10b1784993d.jpg;0
536973q_7cfbc20ba130a239c08608da860cfcc7.jpg;4
1750434q_57d7c6c5f30b50f5e51d30c34e25d856.jpg;4
721601q_48c43feee80cecd333e2ae4c75bbadea.jpg;4
301177q_0e0070d1efb609b475a8e0017550d706.jpg;0
868013q_67f80d73b055ca613e1252ec4e7b6a0e.jpg;2
1173569q_d66ae467bc67379db4a89eb0b951cf33.jpg;0
2752808q_9cc7b2cbc6d05544c41955273e3244d4.jpg;1
1843381q_a6fcc6eac1c6536fba94850c141e647f.jpg;0
683508q_831218203552a5218897da7b97d23f6b.jpg;0
1108392q_14eb7dff6b9349ae182a30f62377cd38.jpg;1
925756q_19b0b6086feb341f0f8987ade8596fad.jpg;2
2384202q_bfb9cee15f0b8c4261a1f82533ea14e5.jpg;1
1440423q_add5d2f2e83ccb1b93daa838fd46638e.jpg;0
1213506q_3265999c323f4ee853153a1dbd8dcf5e.jpg;0
340218q_9f15ef991d39ae8d2db6d904f649e22b.jpg;1
3117084q_fdd086a97d855bd3df8665da5ff6ce6c.jpg;4
1185638q_61203f7c7257f3b426edaf96a5401f81.jpg;1
1670443q_1980a515dd615b0e0d4aea13af4c2f43.jpg;0
2856183q_ed0020ae39785ef60c77d7bdb552ec9f.jpg;4
1520605q_801adbae648fb24f21ba7d25c1b956c3.jpg;4
1186804q_d6c518e66744e71a0e4052dbeb429a6a.jpg;2
2379400q_4ef0d080bd019eed673ea0ce7959318b.jpg;4
2528553q_affb96af27b4dc9868d45d056a7b0517.jpg;1
627195q_157ae57ec0bd15fd4233496f70b898e8.jpg;1
2160709q_3d3dd83b92e1b9a1e2be1114ac56e8ae.jpg;2
1183524q_8d145afb97f54b2ac278620180e37821.jpg;1
3049779q_f14600a63301cc354f2c77a0c2765bf0.jpg;4
1572280q_540d341ff6fea58c27d3b9a20d5c0212.jpg;2
1294835q_c0452da15eda6c16e813dfb65c5ff238.jpg;0
1239756q_efdd5f1a2e6ab4273490ba8ee452e9a3.jpg;2
1151908q_80edfde83756992fad5a2dab9541b962.jpg;0
2058426q_753356637529bc73c22b01c69ac3727b.jpg;4
1604161q_fd40cb799eab19708e61191e8875eb64.jpg;0
2518327q_dd3d93728104f55de9420981cbb41545.jpg;1
1340897q_b9a167aff08cc1e8d3f8c4b46e4f5613.jpg;4
2789506q_128b3a92531375e05f03ffa51e778aaf.jpg;0
822762q_a6ac7d1ec6b6a32b290bffd3f8b3e7dd.jpg;3
2593351q_4ee4b788d4093d5fdd68dba2cddef160.jpg;0
904623q_86d1c192bb6b1c2d647360196875f1b8.jpg;0
280360q_51b9f4362dfeff59bdd9dfb0bdf6cbd9.jpg;4
1219607q_98d31801809a001a4f05f55187197ad8.jpg;0
238157q_e1dd6df48eb4546a7fd2daddf32e982e.jpg;1
280328q_7ec7eb96cc12c6eb4e94bcd33c491e0b.jpg;4
1198927q_97ace382f28445aff7f9907b309ea903.jpg;0
2187111q_299f34c39bf3d3d940abcdd06e7d5773.jpg;4
133111q_0ba5ab09db5a5e14790682518a913eb8.jpg;1
673968q_c299600177d9f0c0c5cf45d088f407b5.jpg;0
2711436q_7b25024e147a05b7ce35ee3a1f8a672d.jpg;0
1016276q_626d36557bdc44a5125ef8a9a9dd0e10.jpg;0
425263q_b732f24439fb3cfb07bc21c1850890cc.jpg;2
573061q_746543a99c32222cc06553c74db59a5e.jpg;4
369316q_6acf4850871b60b4353fc927a95db7a3.jpg;4
558126q_4510047ab03ae120c7e6c25ad78a6a0f.jpg;1
2290118q_0e5933ab80dda909e83b8fc051321e42.jpg;4
847138q_1a22cb8cd8a07189468d29370e7e136a.jpg;0
1703832q_a70ae01d0ae06cc0fb95a9577770b9c7.jpg;0
665923q_eb57ccc1c3c6eb1b0d4e4897c1d23751.jpg;5
1666224q_d896aa32561cec46764a2b5fedc19bba.jpg;2
1229729q_fa00c4d6e88bc7bf63b7d2f3605b487a.jpg;0
1179268q_a61091b954a72ac6e029ec162e080790.jpg;0
817960q_c7794bc8347a93ff83bda7c79ef333a6.jpg;0
2227987q_32894f40ff75bfcea5d0ae93e56a7a63.jpg;0
1462904q_379a83c5818b05100a225a8be871cd38.jpg;4
566734q_6a22315623f8398f05de95cf369004f5.jpg;3
107537q_147929e8f5d4c825329eab04d09c0e15.jpg;1
1021069q_bedcd7ebbd635a07bf21be77295c1878.jpg;1
154483q_c0405ee1e432a569bd8dca47d166ca2d.jpg;1
634170q_7850c3b15e348201167c91a5ebc0cc8b.jpg;2
631170q_b2dc92fa9a26950ec53bb13de7db3d34.jpg;4
2735756q_80cec332f6a928980989aac6d68ca1e8.jpg;1
233204q_7da5d5c57bbfd03a15d31d4511557b64.jpg;2
289379q_09890df732942e5693d3154b504b110e.jpg;0
900191q_d94b1bd4804ce769a63b69e7c9d1af01.jpg;2
2166047q_79925d69e2c415dc14ca909a6a84d540.jpg;4
2859256q_84b3e7727461b6f9860c51e24dbb7a1a.jpg;0
571111q_f6923dedf705757bf37c6330cc6de516.jpg;3
2432591q_a01d6071059c013343567c05b45da6a5.jpg;4
1836445q_31a418d64fe6c6e88090bdacfd871b24.jpg;4
1574488q_da038637969a504ee0c3b89ba89b4195.jpg;0
2654932q_ff7173a9bccecd57a155f48cfb4c22cd.jpg;4
845801q_679d973aac7eea6161b47762ff34cbce.jpg;0
3203280q_316e05bb29f196ac8bba0ec7cf1d1f51.jpg;0
1637725q_56d954c65da4d8d694248612455b3bf5.jpg;0
2905478q_cd54798ecc9e98ccfc4355eb09faf06b.jpg;0
923358q_318476bd4c2e8085f1fde5ed31bba151.jpg;4
1391246q_db3183e554b161fc5cf5803c21eaede3.jpg;2
1759276q_16e3296be1d0e4491d7e1ff2ffef085f.jpg;0
1760321q_bb150f6c39c83b17604b0434cd07a7b4.jpg;2
932572q_7a5f0cab03ccaa66b05f7a8d217919d9.jpg;1
2135420q_89ec889e8fbf54838c93215ae9cb163d.jpg;0
376840q_5e9e0de07a97c6fcade18caf6a45a317.jpg;2
1651544q_41edfab4ac21695ca9fb66b6e338ce89.jpg;2
1725025q_a472622c2a504e6f47bdc595511c31e3.jpg;4
2407787q_beca038c053d3514f926c9f7f9270b73.jpg;2
3211061q_a5d7b13f2a72cae00c9ec7bdcf19ebdc.jpg;0
789941q_237d914b8bedcd88c0b7bc3472310da4.jpg;4
808910q_10b892cb0c0b9612b69cad0a637505cd.jpg;2
1475887q_09ac63f12e6bc01281753d24719ba843.jpg;4
501335q_ea4b8e257966631d7d0ef7b9e1fa87cd.jpg;2
323636q_b7bc697c64ee9ca17cb9b3e91171f5b5.jpg;2
444472q_54f41c00bd1e2f19c8e0af898dcb016b.jpg;5
618499q_294a79397385c539b158e7ee273de6b2.jpg;0
3144432q_349de000f0598148515394cf87ddfa36.jpg;2
256257q_89accdda6166dfa96b57040f24adc5d7.jpg;0
1591099q_2fb4f5db19083b834a1a4b35b20687ec.jpg;4
1479906q_588e0b7c53a8aa78ce20c9d53d1783b5.jpg;0
1708672q_a0ab65b2835b8ec0f1400627b433f888.jpg;2
2542939q_4f9c61b504631790ad111aa3cd524b24.jpg;4
1742202q_17f1223ebc7b60e59eb80f87a5680a05.jpg;4
2465671q_97cdf93626acc2225f96f65b15c36cc9.jpg;0
574045q_66f732782552fa807a2e4cfa56cf02ff.jpg;0
1079310q_c0a531478a5c9cddb3146b9556622690.jpg;5
893819q_9530a6be2aed046e53eafbd15073ca62.jpg;0
1627276q_f8ce9dcd0540fb84314fd1f5a0f48df8.jpg;1
1703391q_cda1dc70023463f458d0829a0e484310.jpg;1
999252q_24e9d8183123837efaaeab04ca15695a.jpg;4
716485q_9d63c00c127e01a0f907bbacf15eac3e.jpg;4
529083q_381e3cfba0cc7c4e9589d799f1ba6154.jpg;1
1675695q_000ba0123d74ff5229e0920a4095aed3.jpg;4
272751q_cf37d34e3535667325711d9de21affed.jpg;0
1642792q_5459775d1d8e3ddab688422778b29446.jpg;0
2255241q_87300ebeda898667a7f60c2adbe9c3b3.jpg;2
1174569q_2a4bc00ee3a45d4740304a35e45a5856.jpg;0
2054906q_b0e696e83051aca5711493b61b2b7b76.jpg;3
1958687q_6e7a1a910bbdd984a7f7ab19d471ccad.jpg;2
642072q_5dc02db2f5803c307b431589eeddb237.jpg;2
216263q_32bdc8f16a74f3216af560efda6247e3.jpg;2
3108499q_7213d18e9a205d9f44c523ff62d4f472.jpg;0
1224846q_0ead97c65ffff6c256d53d29aa6b3f56.jpg;4
1128170q_573cd01b66bcc381d28631542c8c011a.jpg;4
1206312q_958a8f1684d6d363401f757c2eed3552.jpg;0
2436582q_5ea0e1cce9700fd05e98815e767d3c71.jpg;2
1054477q_0bb9520e1be8b09a7147651c7d36cd13.jpg;1
1744601q_f2cbbdff115a22bec7a257c09e463c66.jpg;4
1034473q_a084288ee2a810f369ffa538ec3208b5.jpg;0
547633q_15f336b2bfb239523f32abcb0de662fc.jpg;0
2278500q_1dc4594f1e3cb68763dcc5bb0ed5d4c1.jpg;4
3128019q_e23cda913cf68807f4e6aa657bdee498.jpg;2
1171533q_11985dc81b9afce48b28b80efe235a11.jpg;0
1754455q_676673581be49ceeb6e585b4195caebf.jpg;2
1532190q_95e3fa97e0f9655b08c943dc75a8d8e9.jpg;2
696898q_925cda9651c3b23a3ebc602fc1948586.jpg;0
2838455q_c1dbc5978761f20fb890fd258aa22fd4.jpg;4
1365164q_57139926b297a42b5ee0f4102fbfc413.jpg;4
169401q_9d0dd8e34bb921d8806533de6c9e7ac8.jpg;2
2478518q_4b27a76fc79ab3ee2caca574f8b0d1b9.jpg;4
1381636q_01f4c2cd77f9418f08c0f262527aee67.jpg;4
3172510q_b874aafbc52b6bdf13de369b76b102c2.jpg;0
2964082q_d3394e49a972693e4f86d8037630fc88.jpg;2
1455712q_e6e75a2a83b3c200cc1658160680ea6a.jpg;0
841176q_1206ad315e53246daae54b54d197130b.jpg;3
1373534q_ad81d6bf33f19cbc428bd5495e9e61d8.jpg;4
649190q_28bfc15e80d760c3c9c353f2c67f93ca.jpg;0
3187249q_ef47b8f5d039f7b2432a159aada7d91b.jpg;2
387371q_bbbbe168ee920ca74fd542e94a63f8f0.jpg;0
1518520q_64850e1f0ce8e5a20e24d6fe079780cd.jpg;4
376589q_39ef8f681760dd711683ce2b78a56feb.jpg;1
28505q_56d12e6b87356a30c2aea3ebbe9a8a2d.jpg;0
193986q_1ba42f58ec257235a00fb0a49ec8405b.jpg;4
3211324q_d0b694e50ad0636add9dc578084c36ae.jpg;4
735268q_ec44cbb2018cc9fd36fb74d5066b7076.jpg;2
936620q_f5f8879a7ffb9b089cbb208c24ed521e.jpg;4
493943q_79f59bbc28137c9662134f6b42b2141f.jpg;0
2030086q_46e7aea4421f90db7cfa0a0961a5dc5d.jpg;0
2010681q_fe03be3eecdda0a9bd1b7819c92d24a4.jpg;0
1400496q_e7b9014d6cc4008aadab049ddd62ef3c.jpg;0
919430q_825da57dbfc4c0484d3609c37fe509f4.jpg;4
3103977q_a8b5f491a62562f8f191490cc2b2fcea.jpg;4
856570q_f4b51f07361230942fc3b97f5865c4ac.jpg;0
1233264q_7c9951f872356f2687b3c6d15cf9ee88.jpg;2
784582q_7450f12742863b6f62a203b965d405b4.jpg;2
2495486q_21f945251da75c574b8630707673c75c.jpg;0
2493804q_a461e5b1d1d29e2362fa59ff1450bdcd.jpg;4
3105644q_07eae7460e8d12b06b3b90de7b7dfdff.jpg;0
290184q_3bc65c79a97f51424a7419a47854f8b6.jpg;0
1563882q_dbe8a8c10222db8e36432bdbbb084b27.jpg;0
1575110q_434178c5759c6c95a381d29c448d302f.jpg;2
3226561q_5f17f5e2023f093034c0257fc5383d4d.jpg;1
220287q_73425358141957d12343697d8f5f64b6.jpg;2
1631419q_018bbdf76560d8d7456263d50db86b8a.jpg;0
2983688q_f84e74fa6557c292544ebaaf888436cb.jpg;0
1071290q_e67b670291b1e7453ea88314c24d509c.jpg;0
1204131q_8d94b731e85fcf1f7aa36dd386297b74.jpg;0
3036729q_97ca85e01e914082b82fac70851046ac.jpg;0
1408818q_bce013974159513088ee4e7ccf2bcc16.jpg;4
2680479q_d7ecd7b35fafb71d2a00f78d3f123c08.jpg;0
2643441q_6a2084507a69f3bba79a94ae2a6636dd.jpg;0
334154q_f5fad983691bbb341e02a8d8e9477e7e.jpg;0
1381852q_23b2788b9b464332ab83cd6a4d61a13c.jpg;1
2393991q_5b30511418390a375b8b5dfba24be030.jpg;0
352742q_826596b32672556896713554458b88ae.jpg;3
2052412q_cd11402c866c7fb27afe4b0e0f144f88.jpg;2
291237q_e93e4dc8c3306317ca065a17d3c9b096.jpg;2
1674426q_59c41afeb5dbd0faf5096f39b85df4b8.jpg;0
639949q_b462126158d84f510bfdd5528cbf47d8.jpg;4
645135q_f9d0f9e11fe9875fb6cd81a404c05e56.jpg;4
1141721q_1898d78f0829c019863e2d3014089cbd.jpg;2
2977630q_30f5f53d9b3cf9d498eadc0ff53cf529.jpg;0
1055485q_129dea45319ddf21c7a3d811974a68e0.jpg;0
3058666q_0a6f8ce6f5f3b1a01f00ba5bc57648a9.jpg;0
1707372q_bd5c0c2055a24baaf5dfeafece96aff7.jpg;0
123956q_15a88ac96c128273897fb5a9fe06ed8f.jpg;0
2722531q_c9668d735d54f584613730772a0877ed.jpg;0
2197680q_2afe858d2fdcba58677d0831b6df05d1.jpg;2
1428203q_bd4b9801a0bb2413ca3100dfa2181c98.jpg;0
2442753q_6948df6a7610eb43386aef3253fc3772.jpg;2
1431689q_9366ccd0da756ed498018bd8fccc50bd.jpg;5
1410105q_72b0dda46cc6be1bf482b62943bc1824.jpg;2
666443q_cde5827e6d746e07efd91d6fcf83507f.jpg;4
1493444q_1920722bd53a3c0083d7cf35b520347f.jpg;4
1174972q_a52c277d943c8e8099132980eb52cf9f.jpg;0
553113q_35bcdf6d76691b6bbcb7ea3580b6865a.jpg;1
2027611q_9d59caee03dd835c8fd24cbb046b4f3c.jpg;0
340766q_c564fb04d138ff6280bacab113d83e39.jpg;0
2364708q_7e8169f8f176e7a7f0b031a4832256cf.jpg;1
2506774q_2fd9ac3f5e978113102a289f6577748c.jpg;0
306186q_bf51af92464e1ce99d94bd783d635e9b.jpg;2
682612q_2b148cf485118c99cf93035b9491e151.jpg;4
1154148q_c01293e63fba1781a38a8bae498109e2.jpg;0
1895734q_eae9cded9607dda020e8e3bcd005a65b.jpg;3
1962224q_f5aefe2545d29298b65aeaa4ac540e63.jpg;3
913022q_d4edc9412caf1814d8ce6e42c6952148.jpg;1
2108382q_c5fa30bc993435e53b3995a79d666dcb.jpg;4
2245841q_b3764c83ffa61a195099482fcda6b7a2.jpg;0
2919908q_aad6d15fc50604e92e8aa9265e7689bd.jpg;0
1733957q_22a233e945df16be915190ccd915d598.jpg;4
1645323q_1dadf8e991630eb8bdb62f8eed1eda87.jpg;1
659718q_5bffaf34cb6dd3b8d1c09fd8c220a0bc.jpg;0
952816q_0abd82a03501fa859ab23bf27e27523d.jpg;2
1433254q_ff019cfa2dc40648146c00d7a5326ac6.jpg;5
422141q_07c5af1334021e6f6764c0289a7bc000.jpg;0
2753488q_c4c9cdbce3a73eb6849d3569cef13863.jpg;0
934254q_9c70f342bcdbb1602f36dc3035691aff.jpg;0
2097923q_8a2e97ea0102c677884507ff6e041ff7.jpg;4
180307q_bec598f9eb2f2a3f157b3d50095b9a55.jpg;2
1784978q_6c1c6bb4b68599c1452f6a4c3f350f5b.jpg;0
1607561q_941efce966e7bf2f9d8a7bff8b27187d.jpg;4
913781q_454ef1c03ab8cb06f07f101af80d7ee6.jpg;0
965257q_39c83014fc78f93bf1cbc1d3efdcf0b3.jpg;0
517860q_32168de8e26d6ce9edcf8d282749089a.jpg;4
758300q_8d108b1d13d8fe22298492d40ab1bf41.jpg;3
1442995q_2c3a8c1132f8d4b737e5ca1a44e04386.jpg;2
1011235q_c336994be1263ac9267713483fd52700.jpg;2
3085388q_683234b08425111a9f78da6fafe45b0b.jpg;4
1472286q_c3186f0a6053168d67d750579d71f73f.jpg;0
2902821q_44270e2d9c934f002c85298def50b152.jpg;4
3197782q_1bc412ff921c042eec4d22cd60078326.jpg;2
2161851q_3fd04edbddf9784a39c91a636428d649.jpg;0
2589908q_19ff4021134ba35641e6b422d3aacf4b.jpg;4
3001600q_6b0be08df17ad4ea2eae1661683107b4.jpg;0
1166531q_e03cf1c91ddc5026007be1f4d04dc066.jpg;2
1969531q_e3461ee4c252d2d82750280ee0258231.jpg;0
1043379q_90db40c882d31a1b59c0ec6a17d80197.jpg;0
39331q_808161bbaa4def6b42c7c01a287cdc0f.jpg;0
1159133q_9396e3fccf5ab5ff3368fe81edb2b183.jpg;0
1100285q_4671d1cba2e483749fc6b5b18457b324.jpg;0
1688526q_5c526cd84a6bacfb777e7da0b85edcad.jpg;1
2806146q_a913ce227399df4443557d2697d60bb8.jpg;3
557383q_a35bccf0ef776d3c9808d6430e3dec2d.jpg;1
1227270q_608fede76b9d4fcef6a07709afd5dc5a.jpg;0
916849q_3b4bc2e82958bbda40ebb57e25d07556.jpg;0
2345921q_ebf360e125d2e726eda64b6bcb543f4e.jpg;1
2836960q_2b0f7886fe2256fdd3faaf016288cee4.jpg;4
2172666q_e39c53d8bb562b3c60d136719efe120b.jpg;0
1831174q_e1ed327d229b8c50068290e11242e30a.jpg;0
1029093q_c396b33ca87a3c21525334efece6cd59.jpg;4
1603394q_eee5e0a7b1f223b4a8c6eec7b89b275f.jpg;0
1983333q_44c0c0a08dfbd7f51778c9875ed9581a.jpg;2
1742210q_a5d11e04171da07d652fd97611f67647.jpg;2
784507q_c50a21ff32c21f15d526e53c3482a702.jpg;2
1666278q_cbce74398112e141dfd22556ebb4c770.jpg;2
1016082q_ff5cf647d3fa74d3678a8191dbc3109f.jpg;2
1520356q_73dd576555344f5107a0770527e449d1.jpg;4
614128q_283b30b49f09fb6f154c77bc1f7d691d.jpg;2
162658q_7557c9a23986b12d04b8bf659b281f5a.jpg;0
352933q_1ddc8ec68de97f8a962e01f7f631d836.jpg;4
261597q_11b92a4171d499caef19d4da5fb32a81.jpg;4
953989q_39d520a0c9c4490e115efef3d8de220b.jpg;0
1219086q_9eb945104eee2fca430ca971325d7877.jpg;4
1888874q_3196ffccc4d9715d3627171d60d63a7e.jpg;4
472857q_6f5d8627ab39efcfac558ddf86682423.jpg;1
344221q_f683a6d51841e2bf09057f26312f1b92.jpg;0
1730483q_c3e711e7cd838e715086c1b790643b23.jpg;2
2121697q_ef2d29569d130dd0d678455494a1e6bc.jpg;0
1681722q_181932ba4b231cbf0e8d9ea3e5e2ca36.jpg;1
381324q_227ea145b63ad3a8a576762ac695b00f.jpg;0
623653q_96dbbafeead743a95ab7690e35366158.jpg;2
1291967q_8430e20d2724a61d77b2b5c7ede76ccf.jpg;2
2652228q_a0c9312605d44bf2ca908f81201c26e1.jpg;0
654126q_2d141b6614c30579cff2be2658540968.jpg;1
2336071q_564c90dec4ba970b7fcce87365b926d9.jpg;0
1664138q_8b9a9f3b256cb4960f928106bf9f2063.jpg;4
5881q_211353c3e45591a09fbb698c61feff2e.jpg;1
876607q_cd72ec7ec1c19a4217bdc2079e353d18.jpg;0
74888q_dbab3ca83effdac99c665a05e51b03fa.jpg;1
1001728q_8e80e69ead1dc2540842b6cd8ca77e82.jpg;0
1323133q_1c637f0a2b372a5bc58b44ac2d3409b5.jpg;0
799386q_47f80c4a0a0a4e05326ccc3eb7bb52ef.jpg;1
1797549q_7ef523f783d2e0173980a37b84a15809.jpg;4
327860q_48c383ed035d9fefa10546d16a93a7a6.jpg;0
2930360q_c40c48cfd8ee3b93d553fc7cac9486e9.jpg;0
2950477q_2813eebe5af9192c5c8b8efcb63b2e91.jpg;0
925148q_ad854e815498d3d17cb287ab40dae1b7.jpg;2
318199q_525123c3a57855a61043d40a94076ba3.jpg;4
3006439q_1eb098a38c0ffc882cfd2387388b9ae2.jpg;0
1916571q_e0a91b79be7f0b967867d633cbae3ae2.jpg;4
1456729q_5b7de442610a985b6fa383e601be3429.jpg;5
1820033q_ff1c7b9a2c3c36aefc1b0fdf978dcd51.jpg;0
1851222q_d28716cb85ea04f21fc119cbad82895b.jpg;0
2299970q_e7b5b3e8e43f758c9d929f5ba1486b3b.jpg;1
157749q_5d92373d2c8f68373a6e1c63a293be5a.jpg;1
2848687q_ac4667df729fadf03e732bd1b1271e65.jpg;2
414912q_8955df3b2ab20bbe40f36e5c0bdb1815.jpg;4
644034q_a12f3af919fd4d6e378e63b1b663e464.jpg;4
1755988q_438cbc7aa47141cdd79b88f860682b75.jpg;0
1839185q_c08ada514458fc4c5039194bad045591.jpg;0
2005592q_d72ce396eadca9c7750106cc2262f416.jpg;4
1379138q_085d6cca582c661ba444e32d7cdd6df1.jpg;4
1065035q_8184d879ccf705a0ccde50154f733237.jpg;0
596015q_673cd1669fddb978bff8b01657ecda06.jpg;2
1880991q_ca9090bb9918e246932e532ce994c0df.jpg;1
1654060q_9a84bedac133a467fabf487db1288e2b.jpg;0
1264141q_0d2a45adfacaaec01ace60037cdb0717.jpg;2
686595q_c529a6e07d2a2ac45784af5d055b9367.jpg;4
198427q_e5c97a4c579b7f0b06780f5e23447791.jpg;4
549409q_176dcd0def1c6ddd62f75fc5557ff3c4.jpg;0
902977q_1c9ca4015d4331587b38299d0097d87e.jpg;0
1338207q_3043e31997c754ece9784041b4832d54.jpg;0
2352483q_ef23bf15557a4af5051f7ac9aa68628b.jpg;2
293613q_c9271fa682eb0dd38c4cf893c5d491c4.jpg;4
1430128q_dd41c37791e062b3c12b7624dabeb007.jpg;5
669550q_fb57c8bad56703b81c63c4ce413602d3.jpg;4
716139q_46d5d1fc272144146e95c40c8a5ea73a.jpg;0
1587772q_b6981141edde3f753e5ee9bb1958312d.jpg;2
2595494q_9fbb0e86b8f976a5069f471fbbd089e0.jpg;0
2054260q_d672d0b70665445c69d18d225e0e0d40.jpg;0
2918187q_7835fe612e99c17091fd5ad1da6f0301.jpg;0
253307q_9fb36d5accec263da48041fd7553c120.jpg;5
278852q_eed0e7a5ca78fedf86507f1c49872902.jpg;4
845588q_dab592e1b0e95104ba2baba269dd0847.jpg;5
32255q_903ea3830cdcaa7dfcaa96e291e2aa9c.jpg;0
2794002q_f0afd41609bc5cbc38e207a43c24633b.jpg;0
1930956q_e4b8db5fabef429b6598ceb9191fafdd.jpg;0
1017783q_f3d1c559259ebdc4e080334bb6738a70.jpg;2
2359849q_fc3f71504d88164db4dac6311242fbbe.jpg;0
1275646q_2212257fe81f100c250444542aac8bfc.jpg;0
262228q_0b98e8d1132c25291c66eb8ec164f445.jpg;4
3190623q_a6493e966adf9ca9974422e4155a9b47.jpg;0
1565331q_cd15c67baaf50f489488a96085f6b5d4.jpg;1
1458290q_b42ae6761898a7b51698ebaac478c621.jpg;0
642067q_14a1d2dc5e762ac87d20d842fb276e99.jpg;4
1205469q_84c8ad9089c5d7c26eff248e1eaec31c.jpg;0
500185q_62d7c637ac6714e83efef90b731e5c9b.jpg;0
910526q_b100f5376266f0737c990dfb5efa5740.jpg;1
2846079q_cb7a28dbfce869c5f69530a7bc10bcd1.jpg;5
1661891q_d2671ff95b6dc078d1b5d51822d80696.jpg;0
840805q_4ffc62fa7d80e820336794e61f49f2a1.jpg;4
1849359q_893d2570552a0f202669fe0c2c42e9a8.jpg;0
1407570q_2adb9d8234f9c098b345aab0f91199cc.jpg;0
1632787q_2b63c6adf0cb0b08bdd5cb290e528677.jpg;2
2980643q_76d694e561e6f2b2ef08e02de87d21b1.jpg;4
941036q_79106e10ac5bfeace93fe69e40c21dca.jpg;0
289577q_fa44518b275713b1bae222d10430856f.jpg;2
902213q_28283a1c0c2aad3152d45d85b7704f65.jpg;0
2784799q_5ba5c2655f7b5edcf05b8245e6910ab6.jpg;0
2813116q_491658fcfbf22edf135148efa05b4cd5.jpg;2
808103q_81a1208693fe8a1ba098e22d458501b6.jpg;3
1616526q_5274023c8a73ff919bce36640c7249f0.jpg;4
2195997q_c1b4ded93c866460f2add91cb0805e1e.jpg;0
574743q_ab959fc304da45a825870bd001e4806d.jpg;5
452469q_9b7ea240b38d928c86a1c27f6ae5c629.jpg;2
453380q_75528b39ae90e0891b36d77189422f14.jpg;1
818682q_4952b718a382433bce374d16499400c2.jpg;0
2799827q_cb9fcb00d63effb32ce74b0eddf54e2b.jpg;0
598734q_1145335a3728474c1606a864e5872502.jpg;1
39577q_db79ae5d3f2eaa25ed3e2d377c51fb32.jpg;2
2741437q_21ae2f07c2e7c9709e3298732bcaf8c3.jpg;0
1327425q_0f56594765b5b650535d801b8738db4e.jpg;1
576437q_50f0fe4f90e1d9127a50b4d0965f426d.jpg;2
3014476q_ef81654f249c164524886e539869b004.jpg;0
1189658q_3e19e21e56c4f9a36e809fa3fc6761be.jpg;4
1005686q_9cd9f606ba15e67faf411b8f79d12841.jpg;1
992314q_66eea7f84efce3786578c43bd85fd712.jpg;4
1989278q_0e5da28218eb108a0e5e23b577f41190.jpg;0
2260062q_510d98ee0f87eb234c7eb6ab5efa71ae.jpg;2
119489q_3bc57ffd2b70c2f8278e1de92ab4328d.jpg;2
2109210q_180a192eed9d9b6584f453c7c7e74569.jpg;0
2485347q_cd3f02d6f7d788671f79ae1d688ca2cc.jpg;0
1232315q_f1a0ba19c7f688bd10b52a48212dfcc3.jpg;2
1278296q_24c38ad5385c29731268e471a6265d5c.jpg;2
2743021q_c924fdb62ce753225ccbf3e652831940.jpg;4
2882656q_751a9080580c2b9d06298450bd3c9f66.jpg;2
1083643q_2b67884d7d1d2b51b9d7f0820bfdab64.jpg;2
679411q_f6a70ed126968e6906c16bdba6542880.jpg;4
1995066q_4334b7db221f5d832db5c96d939f8dc2.jpg;4
837518q_ef2a67395c80755bbd9a7b3d6efca798.jpg;0
809078q_c18703b846dee9589d181c9d54ba676b.jpg;4
1817580q_ff208145e98d32f8a2372a2e15362ceb.jpg;4
319905q_0b47b569b96902b6ed55738041f8f767.jpg;1
2442387q_19c47a2949d9dc3655a6d7af98b4b995.jpg;2
1184272q_b991a6c9310a5b14960dab676a987d50.jpg;1
607041q_5fe6edea4a6ac9d8923fa67c8c366838.jpg;0
357479q_0d7affa098bf7602abd0a1ee29890eb4.jpg;4
342036q_42a682f6ade20baf52a7fd75e0062ef6.jpg;2
181999q_8fa0c93d9ea1c2c00dbd7519411001e7.jpg;4
1982721q_49a071e3e8fda55e17edf6f1f7186690.jpg;0
828839q_9dc868f43e6b7090dd0b2a029cbfdf89.jpg;0
1493029q_3ff7cd5be83f90868c176c017e3b30e2.jpg;2
926515q_74ff3621861509aeeaad7b2ddf1bf1a2.jpg;2
2610046q_77f3d411c9b6dd47e827609edbab155b.jpg;2
684093q_edf57750d9f9fb8cf79002dbf0355f09.jpg;5
571170q_22b49e9c5a5496e8254c72873b69469d.jpg;1
2975292q_60bdf2459b7913fa63b859671e1e69a4.jpg;4
1301512q_added486c5ec3cb944cb48ba00b92c1b.jpg;0
2884188q_0638e3fbffb5d8c3871259200a9c28be.jpg;2
1071941q_ce162a4c410641476600930cf32f98af.jpg;0
182280q_1eff370f1fda75271b0fd7850c1438f9.jpg;1
652557q_f070e5f8de5c7a6e36dd350b354c56b3.jpg;4
3137009q_0b4819935f9366046707c2ebdb1a6e67.jpg;4
1878787q_cbcd44464b064aa6e61c0f1963612533.jpg;4
2148261q_3bd112e3dde0feafe6474234636cfd50.jpg;5
1908949q_6686cb89763ab7eeeb4b4111fff6845e.jpg;4
1151223q_65e37d81a8b40ff987eaf65015dbc028.jpg;4
1020795q_c2b7aae6c8de2de5b91249c4b409ebcf.jpg;0
1093692q_33104a1ef0c3bccb32c0aaf94d6c70d8.jpg;1
2831430q_2b1204af0b3789ea29e3366f3b22f96a.jpg;0
3017216q_3c192c6cc3f724f1ec4792e951b941b5.jpg;4
1094252q_103cf7b73def96c7c10c0aa1410c8413.jpg;0
2541939q_3d551ef027ae2f5f052cbc0578141cb0.jpg;4
1009275q_a0f7c7977140df242a91a117401268d7.jpg;0
1674648q_a2132f1501f93fdcf5f07e2462a0ba51.jpg;4
2884049q_9a3d6ea922f391740b1c7e56862c15fb.jpg;4
1500118q_115115a2c12f1fb6d71b0135fdee2ca5.jpg;0
877364q_37e5aecdb18127e5f7c8f2123e6fa00a.jpg;4
345797q_072b40202b93fcfa641d1cc03391f50d.jpg;4
727358q_3261cfc99c571865164ed4bbcf08d0fb.jpg;2
382066q_e123417bee024c85e357cea27061e05a.jpg;4
1229221q_ba17d9a09d23465ed5a1a67912f84fe8.jpg;0
2978554q_fb7cf0a2932208d40a97627dd4326bfc.jpg;0
1743539q_a5dff0eaeaab6d67bbbb329d62c22cf0.jpg;4
14049q_d0847577fb83065c4a3eb662f24c8126.jpg;2
944187q_f20b82a41c868f4beaad130f665f4679.jpg;2
818919q_9210a11e2a4dd4986d8f343c00be8419.jpg;0
47077q_6b3cfd171e89205a7c3751ec0ed66d92.jpg;0
956714q_c05cbd182fdda56606b9a637ce868ec2.jpg;0
1129713q_0e8b74068c7cbec6c61a12f81ac6f4f4.jpg;5
313473q_47a08cdb8c0ebef4a5b7da690529302f.jpg;4
888045q_6bdc4dfde2d7ae1b7a4971ae25791049.jpg;0
1636709q_de2d4f25944b69019833c31be8ac8f12.jpg;2
2404201q_e39c8051775e01f3d192db7c16152a3c.jpg;1
1143023q_e5c8da81091e28b06756b7ca734c7564.jpg;1
784889q_2e0903756ec296af1d5d5bcf4ff57534.jpg;0
834647q_19ee0eb0fca5062ab5fcc348d95dbc41.jpg;0
2738438q_826d6cedb8977a70246dab3aa60bfa59.jpg;0
1236186q_7c11f21c4c4816e3f0103f726a8d2430.jpg;4
514202q_f4e4defa82b661f08d072e4433147b7e.jpg;4
437471q_caed7d214cd14030d3a4d29dfcb53162.jpg;0
2178607q_8d0467f460700dd9fd6df5c882733609.jpg;0
2075078q_cee7f34edf9288a9e5544d949320c97d.jpg;4
2653419q_785e82d7b2268ff5c14089684c1d988d.jpg;2
1478696q_431101f16f6b2809c22a0517617f9027.jpg;0
1071200q_b37a7e4a5ea52de8b30e8f3f817907ce.jpg;1
2218687q_7ab8be61948d1f98b0908ddff631103e.jpg;4
2328749q_c4d26f368b286581f7d95fbe624abeea.jpg;1
1367374q_17e47cb327c53b81679e25d403bcbe97.jpg;2
238976q_a998239b7a209cdfe924bfb4a3908577.jpg;2
661468q_3016d84c9e9d9afb4d5ef0daa32c3b62.jpg;4
942778q_d911f653403d7b6325b75340329b1c09.jpg;1
363211q_566127f9916fdc4d0b3ba95ea656cc46.jpg;5
2518153q_e02b9805abc3a254084b532e8b91993c.jpg;4
2310085q_0e801d87efba725670d37199847e0d99.jpg;0
3030988q_b0cd758e258d1ad36703af6a90f2bae9.jpg;4
1082502q_08f7b4e1277066d4123b2abb5c31ae9c.jpg;4
1860424q_5caf226b6d8143f73e725f3f225644a0.jpg;0
932471q_ae81609f817e2134665a809205f01f77.jpg;0
1063243q_128a87b8b9f321f526eaa71a3ad801ae.jpg;2
42118q_064a41d650d5465ab8398cd0758ec6c3.jpg;0
2060787q_87a7d2b3a5e2933ed014892cdd3f95db.jpg;4
828465q_d95386ed55ad6c440edc58e2915efab9.jpg;4
1108920q_ec91f91625aeb670378d0a77e85c1ae2.jpg;4
1372210q_84954970da438808f6ce3b81fe0245d9.jpg;1
1054411q_b8b1f47a8598d49ecc1287185909f658.jpg;0
1650855q_8a6fd026d43d3a1c826e597f4ce7d495.jpg;4
836364q_8e93dbf6dad9b01166b1be60a3b43c6a.jpg;4
2245649q_64a9c1c376b51b01b60009706c827611.jpg;0
2201302q_1fd02ec26930bd0bfcfe30fa0edb9352.jpg;0
1744150q_4d78b68f9397762bf70fc79699e72128.jpg;4
2914648q_60ea7f13b9d25fc3c86f2b61e320b5e7.jpg;0
1773488q_686699135d18b65dbe8fafcc450ef022.jpg;4
2474545q_ac774ea2d90e7d4aebec6b78612c4f7a.jpg;0
901641q_eeb6ccb68876f0f8f03b6fb597f603be.jpg;2
1341213q_43c46104a67d5ecb79a6a64805e9978f.jpg;0
2480682q_67c07e20841296e1842b47eccfb5e23f.jpg;0
194734q_881506590ad4f12c2b65b49e7941c29e.jpg;0
3097832q_d60a6898e2f60e29780a29439e27f30e.jpg;2
2746809q_78268cf788d01c74f41818971de63268.jpg;0
65453q_6d003a916333b68fc1693322066ea021.jpg;1
1187815q_028a8854204ffc4a4638c2ec97e4743a.jpg;2
1052311q_11af9b0de497194b958b7deb9600ec12.jpg;4
720319q_170c593917dc73bf567464889c8a8515.jpg;2
635774q_576dd62d701d91b367b0a90652667d8c.jpg;2
1280601q_6005978406bf77c6e36185700377c8bd.jpg;4
2197053q_484190359de7412f37d7869c80b426e7.jpg;4
2360055q_83724786e1d28a5ee96b071851251ce3.jpg;0
1476109q_d87d8dd7a0469ec90da2c986552af1a1.jpg;2
992778q_2f9668a79dba58a412dc22f1610bee24.jpg;2
3196241q_bdbb4e0a5a6565ed98fddd90fee5a5d2.jpg;0
14262q_79eed09a237c7f73a8fb2c3ce9278599.jpg;0
1196849q_479b8c9fb5996746443c32df3bcabf01.jpg;1
372094q_c0fb422d977717b241c8dfc11d345e9d.jpg;2
3213275q_1e5571b4691821d68b912af9704dc5be.jpg;2
1554124q_f678a159e66c53a35c6d727c6b345abe.jpg;0
457012q_48f74c99eeba8949f8d3741c8c4c480d.jpg;0
2912653q_ba5980aa46b6227eeaa5d85c7f3790b4.jpg;1
757774q_114b6b377a9bede37950e6f47b48334f.jpg;2
1306207q_fd5ad219f4ed6842831be433e7e7a00a.jpg;0
2787918q_dc4fdd85dd95566ab7fd41fd3b3263a6.jpg;4
2457629q_db193c37f8c93190024f2c414b94f08b.jpg;0
87844q_0212dd84e996cd83c0d3350d0789efe5.jpg;2
75580q_ddcf1b526ecaa3a3c974bc7ad38e785d.jpg;1
886726q_6e75ecbe5f2baf0dca04a29b0d4a0a6e.jpg;2
954549q_96053c0827ca3077cf454d74ac0e5b1a.jpg;4
1248085q_4b93d9f688507eea5da8604f5f54a339.jpg;0
2008444q_509c0fd94c0354239c9b36ef02612a64.jpg;4
2049393q_2ae485e56f03bceef9994a5b9a0d321e.jpg;0
1438456q_bf9150bb2b44ab2c3312486693139187.jpg;4
1777072q_f5e26d73d2ed599a2e92f551e64f9184.jpg;3
1980856q_bf5775f889eda5d6c2ab4f17d6cb2389.jpg;4
828806q_93ed029fcda6308ef05e363e3c6c09b8.jpg;4
1790471q_665033da715b3d3cbd79230b50794c5d.jpg;0
2565439q_66f5eea9fb013610f3dc763ead477713.jpg;4
773018q_b53fb73ce90dc9b75a499fde437d94f8.jpg;4
2648566q_8ef1c65175410d41a52e3dc9acff8d3c.jpg;0
1251541q_0d77c2726e9309830d4fa0ab9e1b3baf.jpg;1
1585267q_157e058a044b5ab1448bb0c3124aba9e.jpg;0
176396q_be1777ad33eb928fe8dcd740b72f45ee.jpg;2
1679679q_f336d956f12b712e1b55068839b5bc18.jpg;4
2783748q_03a3e30500146b111000dd4cd9c8f5fe.jpg;0
930459q_053d7d075c8a2ec7ffc007c6928560ee.jpg;4
1099860q_67294ba8121b5503c708281ce9ef386e.jpg;2
820690q_6e61f0a7df33275793fbe055b0f7547c.jpg;2
1289215q_b5cc30657e3289b7f78a9d127a7b725e.jpg;2
1649698q_c3edfdc0208ce6584c685dd58aefc7c2.jpg;1
896394q_83ce7b27c9ef98003d068d36655e4d01.jpg;0
298141q_7e3c9d9eb0a8254873f71796ce1336a4.jpg;0
